PSNR,SSIM,MS-SSIM,VIF,NMSE,HFEN,Image,Exponent
32.32510683336638,0.8302086399673536,0.9622372388839722,0.8312552622560182,0.008500543129260142,0.36096608167135025,file1000031.h5,0.0
32.324255984535675,0.8302096618849639,0.9622379541397095,0.8311675488028708,0.008502208677874074,0.3609422862232243,file1000031.h5,0.25
32.32336758973937,0.8302101210422649,0.9622383713722229,0.8310790970590749,0.008503948071504222,0.3609205440441532,file1000031.h5,0.5
32.3224412515785,0.8302100094298595,0.962238609790802,0.8309899125208283,0.008505762133651593,0.36090089563496724,file1000031.h5,0.75
32.32147657539583,0.8302093165004909,0.9622384905815125,0.8309000011967688,0.008507651685063521,0.36088338016195387,file1000031.h5,1.0
32.32047313839526,0.8302080281896248,0.9622381925582886,0.8308093720218271,0.008509617604306017,0.36086803620705626,file1000031.h5,1.25
32.319430492007236,0.8302061301797192,0.9622374176979065,0.830718037627046,0.008511660823265302,0.3608549012613815,file1000031.h5,1.5
32.31722585120905,0.8302004593620659,0.9622350931167603,0.8305333105354704,0.008515982756710401,0.36083540064055103,file1000031.h5,2.0
32.3123297230359,0.8301813728503963,0.9622263312339783,0.8301559853176217,0.00852558887809064,0.36082442243070095,file1000031.h5,3.0
36.38386115624578,0.9036973793286378,0.9798362255096436,0.8790941482134191,0.0025385392728297404,0.27897802215278217,file1000033.h5,0.0
36.38314144652857,0.9036931800785293,0.9798316359519958,0.8790894147583428,0.0025389599926068014,0.2790064303425832,file1000033.h5,0.25
36.382413277944075,0.9036888804166567,0.9798271656036377,0.8790846480751556,0.002539385728134244,0.27903531591256414,file1000033.h5,0.5
36.381676607879385,0.9036844794587564,0.97982257604599,0.8790798480372637,0.0025398165068323355,0.27906468135336826,file1000033.h5,0.75
36.38093139463972,0.9036799763304583,0.9798178672790527,0.8790750145026865,0.0025402523556311567,0.2790945291116661,file1000033.h5,1.0
36.3801775974565,0.903675370166981,0.9798128008842468,0.8790701473143825,0.0025406933009659424,0.27912486158855226,file1000033.h5,1.25
36.379415176497005,0.9036706601129761,0.9798082709312439,0.8790652463025609,0.002541139368771496,0.2791556811375364,file1000033.h5,1.5
36.37786430865967,0.9036609249595194,0.9797982573509216,0.8790553420799755,0.0025420469729955128,0.2792187906121568,file1000033.h5,2.0
36.374657441799876,0.903640171399817,0.9797782897949219,0.879035119333012,0.002543924734981758,0.27935095194065845,file1000033.h5,3.0
32.76470127219006,0.8625181253078434,0.9651538729667664,0.8830656564250202,0.0086951808225138,0.37296921467320426,file1000071.h5,0.0
32.77219969359309,0.8625440821263963,0.9651669859886169,0.883042849252196,0.008680180890760244,0.37298301477294216,file1000071.h5,0.25
32.7796181107653,0.8625637545792302,0.9651772975921631,0.8830149369364745,0.008665366464094361,0.3730155860994198,file1000071.h5,0.5
32.786949856463934,0.8625770949416343,0.9651849865913391,0.8829819350982144,0.008650749961092913,0.3730670613278544,file1000071.h5,0.75
32.794188314027615,0.8625840585890029,0.9651899933815002,0.882943860902238,0.008636343622818635,0.37313754663596815,file1000071.h5,1.0
32.80132697520659,0.8625846116192916,0.9651923179626465,0.882900731939886,0.008622159401864475,0.37322711881612214,file1000071.h5,1.25
32.808359475488004,0.8625787347304645,0.9651921391487122,0.8828525689922445,0.008608208897254777,0.37333582444070096,file1000071.h5,1.5
32.822081363241594,0.8625476886501725,0.9651836156845093,0.8827412466005485,0.008581053482835216,0.3736106680470925,file1000071.h5,2.0
32.84798467927713,0.8624086161802611,0.965134859085083,0.8824602377825225,0.008530024473201987,0.3743891604493413,file1000071.h5,3.0
33.748270884524615,0.8864507221223463,0.9760375618934631,0.9145113059743978,0.006613055008432766,0.2717762136612256,file1000073.h5,0.0
33.78352571398981,0.8864622150553857,0.9760631918907166,0.913558428563283,0.006559589353247523,0.2717342861577124,file1000073.h5,0.25
33.817766908517754,0.8864695322839853,0.9760863780975342,0.91262313025297,0.006508074755488196,0.27170611821364005,file1000073.h5,0.5
33.85098967974913,0.8864727422332919,0.9761072993278503,0.9117056054048852,0.006458479058536348,0.27169149287231587,file1000073.h5,0.75
33.883191075767726,0.8864719298352596,0.9761266112327576,0.9108060288204625,0.006410768822029942,0.27169017750296376,file1000073.h5,1.0
33.91436988944647,0.8864671834591494,0.976143479347229,0.9099245520778465,0.006364909526023792,0.27170192955660316,file1000073.h5,1.25
33.94452651490261,0.8864585823048637,0.9761583209037781,0.9090613059240619,0.006320865835050716,0.2717265002922169,file1000073.h5,1.5
34.00178142873169,0.8864300338729028,0.976182222366333,0.9073900176171031,0.00623808202211834,0.27181308016094474,file1000073.h5,2.0
34.10420149399161,0.8863294853539402,0.9762076735496521,0.9042707565791881,0.006092689898979736,0.27212837170908766,file1000073.h5,3.0
32.31500061232747,0.8647648964276337,0.968830943107605,0.9720730117900183,0.005047112291128657,0.3045277967576005,file1000107.h5,0.0
32.31599113397421,0.8646953752101221,0.9687967300415039,0.9719933984516115,0.005045961297017008,0.30462835322433407,file1000107.h5,0.25
32.316901456937465,0.8646244640368852,0.9687620401382446,0.9719142438415298,0.005044903725887431,0.30473224662372905,file1000107.h5,0.5
32.31773151297992,0.8645521717716572,0.9687264561653137,0.971835554453208,0.005043939598355759,0.30483946731306333,file1000107.h5,0.75
32.31848131972591,0.864478519519549,0.9686903357505798,0.9717573368556083,0.005043068840463284,0.3049500038065519,file1000107.h5,1.0
32.31915079809212,0.8644035055144516,0.9686539173126221,0.9716795968468062,0.005042291495731948,0.3050638454075003,file1000107.h5,1.25
32.319739876496456,0.8643271250644379,0.9686167240142822,0.971602339936442,0.005041607604106604,0.30518098069087346,file1000107.h5,1.5
32.32067688728539,0.8641702881553193,0.968540608882904,0.9714492968971058,0.0050405199708680815,0.3054250790440758,file1000107.h5,2.0
32.32158970283792,0.8638406231496207,0.9683818221092224,0.9711491745315339,0.005039460647824907,0.30595215885729343,file1000107.h5,3.0
39.495810203390405,0.9467996645269744,0.9878071546554565,0.9594427351249305,0.002299084090880662,0.2434220816828735,file1000108.h5,0.0
39.503200711381865,0.9468110808365657,0.9878089427947998,0.9593102724806031,0.0022951750036398753,0.24331177598790404,file1000108.h5,0.25
39.51050274101515,0.9468221360104817,0.9878106713294983,0.9591785430125656,0.002291319243273387,0.24320332106652354,file1000108.h5,0.5
39.517716185123575,0.9468328329699774,0.9878122210502625,0.9590475575307913,0.0022875166196663762,0.24309670669481606,file1000108.h5,0.75
39.52484097960632,0.9468431750698819,0.9878136515617371,0.9589173261086906,0.0022837669233406483,0.24299192183269971,file1000108.h5,1.0
39.53187709877569,0.9468531658153378,0.9878149032592773,0.9587878584152294,0.002280069928067829,0.2428889548024778,file1000108.h5,1.25
39.538824552149386,0.9468628087836856,0.9878160357475281,0.958659164053876,0.00227642539269417,0.24278779347421925,file1000108.h5,1.5
39.55245366450679,0.946881065936643,0.9878178238868713,0.9584041344096024,0.002269292668938414,0.24259083774847884,file1000108.h5,2.0
39.578652014579,0.9469135722395985,0.9878200888633728,0.9579037722158108,0.0022556446102652943,0.2422180173523011,file1000108.h5,3.0
30.926336044694118,0.8312150801996887,0.9600917100906372,0.8037588462140116,0.00797653463144489,0.28798304997519764,file1000243.h5,0.0
30.92969578070537,0.8311525706644772,0.9600701928138733,0.8040360517209324,0.007970366308231553,0.28811790395578374,file1000243.h5,0.25
30.932893823960747,0.831084355696706,0.9600463509559631,0.804315407044648,0.00796449927684727,0.2882640519871148,file1000243.h5,0.5
30.935930820812274,0.8310106020165211,0.9600204229354858,0.8045968064827335,0.007958931694277242,0.2884211742944944,file1000243.h5,0.75
30.93880767072376,0.8309314831094748,0.9599920511245728,0.8048801413002683,0.007953661291134307,0.2885889365184567,file1000243.h5,1.0
30.941525529654733,0.8308471625043303,0.9599617719650269,0.8051652965443256,0.007948685366355516,0.2887669924688362,file1000243.h5,1.25
30.94408559400886,0.8307577773607426,0.9599292874336243,0.8054521563092948,0.00794400118306011,0.2889549929019018,file1000243.h5,1.5
30.948737779741343,0.8305642229179863,0.9598590731620789,0.8060305196093542,0.007935496082646373,0.2893593925724824,file1000243.h5,2.0
30.956231150137725,0.8301233755939074,0.9596962332725525,0.8072024012105647,0.00792181588550586,0.29027124086775036,file1000243.h5,3.0
33.78156314739021,0.8546310194075937,0.9693587422370911,0.8062952835392284,0.005868824096077715,0.5065939404757485,file1000264.h5,0.0
33.77520493052668,0.8545924327835708,0.9693506360054016,0.8059523945035795,0.005877422544048219,0.5066742888141245,file1000264.h5,0.25
33.76871486570273,0.8545529689601478,0.9693421721458435,0.805608639967937,0.0058862122871364666,0.506757956117769,file1000264.h5,0.5
33.76209302193781,0.8545126273873638,0.9693331718444824,0.8052640354413364,0.005895194051842721,0.5068449630776943,file1000264.h5,0.75
33.75533954032457,0.8544714084080085,0.9693239331245422,0.8049185944403878,0.005904368484848208,0.5069353302997783,file1000264.h5,1.0
33.748454595907134,0.8544293152534013,0.9693142771720886,0.8045723306759865,0.005913736204247523,0.5070290789611704,file1000264.h5,1.25
33.74143839768916,0.8543863664603379,0.9693045020103455,0.8042252570446601,0.005923297799234175,0.5071262345732263,file1000264.h5,1.5
33.7270122284274,0.8542977904392061,0.9692835211753845,0.803528813071749,0.005943006218290434,0.5073308063698401,file1000264.h5,2.0
33.696591778606034,0.854109780084823,0.9692378640174866,0.8021273632125325,0.005984780540800352,0.5077814002994139,file1000264.h5,3.0
37.476368774850194,0.9175291592960163,0.9818930625915527,0.8843683669917958,0.0029257910349908237,0.27621318139705353,file1000277.h5,0.0
37.47679249844957,0.9175307900932277,0.9818932414054871,0.8843953009444057,0.0029255055912920415,0.27619262289414404,file1000277.h5,0.25
37.477202418258756,0.9175322847096762,0.9818933010101318,0.8844221485804307,0.002925229473093515,0.27617277482653196,file1000277.h5,0.5
37.477598631969194,0.9175336443732807,0.9818935394287109,0.8844489095448046,0.0029249626119649806,0.27615363189641506,file1000277.h5,0.75
37.477981239619666,0.9175348703564052,0.9818936586380005,0.8844755834091229,0.00292470493800766,0.27613518872987775,file1000277.h5,1.0
37.47835034321148,0.9175359639574056,0.9818937182426453,0.8845021697017413,0.0029244563801120037,0.2761174398812083,file1000277.h5,1.25
37.47870604649419,0.9175369264927369,0.9818935394287109,0.8845286679214077,0.0029242168661003497,0.27610037983591107,file1000277.h5,1.5
37.47937767509373,0.9175384637038219,0.9818934798240662,0.8845813980243723,0.002923764676191285,0.2760683037685726,file1000277.h5,2.0
37.480564861365224,0.9175400247185405,0.9818928837776184,0.884685777199584,0.0029229655458662684,0.27601216755785873,file1000277.h5,3.0
33.45117922815576,0.8566443295184845,0.9726519584655762,0.9165969651217909,0.006440340456835851,0.2624528641582496,file1000308.h5,0.0
33.448377237236144,0.856637962384457,0.9726486206054688,0.916660350538621,0.006444496990913691,0.26250567955654425,file1000308.h5,0.25
33.44551226338049,0.8566309811609263,0.9726449251174927,0.9167250555229918,0.006448749728971217,0.2625605704870779,file1000308.h5,0.5
33.44258454014973,0.8566233860874508,0.9726409912109375,0.9167910699782142,0.006453098510841007,0.26261752983956627,file1000308.h5,0.75
33.43959432310308,0.8566151777214532,0.9726370573043823,0.9168583829253891,0.006457543147009782,0.2626765501516722,file1000308.h5,1.0
33.43654188650807,0.8566063570182515,0.9726325273513794,0.9169269832959182,0.006462083423361109,0.2627376238536245,file1000308.h5,1.25
33.43342751926271,0.8565969252951562,0.9726279973983765,0.9169968611245976,0.0064667191071050715,0.26280074295114003,file1000308.h5,1.5
33.42701419474224,0.856576235478935,0.9726181030273438,0.9171404230875307,0.006476275711484425,0.262933079550292,file1000308.h5,2.0
33.41345822665397,0.856527610321417,0.9725953340530396,0.9174426753588987,0.006496522191572803,0.2632218268633229,file1000308.h5,3.0
35.14229937145741,0.891228285220375,0.9748541116714478,0.8662491698431177,0.002981269978048314,0.2764055648778713,file1000389.h5,0.0
35.14047982011054,0.8912199912071695,0.9748488068580627,0.8663890307377725,0.0029825192940189163,0.2764056730911242,file1000389.h5,0.25
35.13861322566828,0.8912111829481786,0.974843442440033,0.8665283635552953,0.002983801454101741,0.2764076671198236,file1000389.h5,0.5
35.136700412377834,0.8912018699654545,0.9748378396034241,0.8666671575380472,0.0029851159336542203,0.2764115217112538,file1000389.h5,0.75
35.134742213685456,0.8911920618572816,0.974831759929657,0.866805402134075,0.002986462201772438,0.2764172112023073,file1000389.h5,1.0
35.132739471546415,0.8911817682908788,0.9748257994651794,0.8669430869997042,0.0029878397216926782,0.2764247095425588,file1000389.h5,1.25
35.13069303573801,0.8911709989950217,0.9748193621635437,0.8670802020019959,0.0029892479511921437,0.2764339903173186,file1000389.h5,1.5
35.12647251723968,0.8911480723940011,0.9748064875602722,0.8673526829521295,0.0029921543451371267,0.27645779182822544,file1000389.h5,2.0
35.11754525592044,0.8910969436475592,0.9747783541679382,0.8678903845270214,0.0029983112772918176,0.2765255867481159,file1000389.h5,3.0
34.264672124520665,0.8968837579807266,0.975746214389801,0.9327578591939093,0.0039041025094136064,0.3037926115621617,file1000464.h5,0.0
34.268470428835954,0.896871446170202,0.9757446646690369,0.9327665045156456,0.0039006895057332965,0.3037664056201298,file1000464.h5,0.25
34.272265983623036,0.8968585012869037,0.9757431149482727,0.9327736353488831,0.0038972819531106475,0.30374285911975496,file1000464.h5,0.5
34.27605886548218,0.8968449398067276,0.9757412672042847,0.9327792525832008,0.0038938797737912366,0.3037219293949684,file1000464.h5,0.75
34.27984915583614,0.8968307783359348,0.9757391810417175,0.9327833575926775,0.003890482885958477,0.3037035730929717,file1000464.h5,1.0
34.28363694104579,0.8968160335832447,0.9757367372512817,0.9327859521140154,0.003887091203648008,0.3036877461152321,file1000464.h5,1.25
34.287422312058,0.8968007223382951,0.9757338762283325,0.9327870382059953,0.0038837046370807705,0.30367440360697534,file1000464.h5,1.5
34.29498619197456,0.8967684678034937,0.9757277965545654,0.9327846953859047,0.0038769464786512376,0.30365498909188166,file1000464.h5,2.0
34.31008921389241,0.8966979034100392,0.9757129549980164,0.9327620582573354,0.0038634874283977163,0.30364393145724344,file1000464.h5,3.0
34.96217533696211,0.9029981786323235,0.9812403321266174,0.9067308324277926,0.00318261058093333,0.23137177093242234,file1000477.h5,0.0
34.96270943019781,0.9030011026913961,0.9812423586845398,0.9066313302686343,0.003182219209102167,0.2313439392211173,file1000477.h5,0.25
34.963214512134925,0.9030038012142604,0.9812441468238831,0.9065314410803404,0.003181849140393005,0.23131679043306028,file1000477.h5,0.5
34.96369029755439,0.9030062724690989,0.9812458157539368,0.9064311674936568,0.0031815005763267653,0.23129033086131615,file1000477.h5,0.75
34.96413650419841,0.9030085147542305,0.9812478423118591,0.906330512183333,0.0031811737165969,0.23126456673412424,file1000477.h5,1.0
34.96455285290479,0.9030105264005102,0.9812494516372681,0.9062294778670483,0.003180868758985996,0.23123950421274655,file1000477.h5,1.25
34.96493906772547,0.9030123057700482,0.9812507629394531,0.9061280673044747,0.0031805858992939168,0.23121514938870297,file1000477.h5,1.5
34.96562000853014,0.903015161246788,0.9812536835670471,0.9059241286851552,0.0031800872466444044,0.23116858682997796,file1000477.h5,2.0
34.96660851644899,0.9030180144968496,0.9812590479850769,0.9055118624518717,0.003179363501851498,0.23108421368282328,file1000477.h5,3.0
30.64208896197716,0.8631354333329537,0.9687069058418274,0.924762666261579,0.007213651468106729,0.33488444722187116,file1000635.h5,0.0
30.63930971332139,0.8631404114430798,0.9687091708183289,0.9248433275352277,0.007218269290422093,0.3348570557504811,file1000635.h5,0.25
30.63651409005734,0.8631450552068887,0.9687113761901855,0.9249240614842638,0.007222917302023266,0.33483059668273263,file1000635.h5,0.5
30.633702167589917,0.8631493644337884,0.968713104724884,0.9250048643524602,0.007227595431920843,0.3348050716105688,file1000635.h5,0.75
30.630874090002088,0.8631533447101872,0.9687153100967407,0.9250857206108537,0.007232303494806266,0.3347804710193241,file1000635.h5,1.0
30.628029979644438,0.8631569996395134,0.9687169194221497,0.9251666188101073,0.00723704134133217,0.33475678904906037,file1000635.h5,1.25
30.62516979649047,0.8631603187514815,0.9687185287475586,0.9252475763369058,0.007241809092746145,0.3347340469344029,file1000635.h5,1.5
30.619401453510797,0.8631659416516474,0.9687215685844421,0.9254096701822307,0.007251434127022735,0.33469140155693694,file1000635.h5,2.0
30.607674994291752,0.8631731044903351,0.968726396560669,0.9257345207394547,0.0072710403052982965,0.334617532527651,file1000635.h5,3.0
38.31703569982214,0.9305411010936134,0.9876100420951843,0.9422710822278029,0.0022391892495730896,0.24131471146246133,file1000697.h5,0.0
38.317025398108285,0.9305378875196612,0.9876092076301575,0.9422442044175907,0.002239194561064536,0.24135312870912992,file1000697.h5,0.25
38.316993725445336,0.9305345558854555,0.987608015537262,0.9422174859406399,0.0022392108913464495,0.24139225341390944,file1000697.h5,0.5
38.31694079489944,0.9305311074359147,0.9876068234443665,0.9421909278263366,0.0022392381823625827,0.24143207942785025,file1000697.h5,0.75
38.31686672243351,0.9305275434608036,0.9876057505607605,0.9421645310818969,0.0022392763747217733,0.24147260052412148,file1000697.h5,1.0
38.31677162692984,0.9305238652967371,0.9876046180725098,0.9421382966926385,0.002239325407683269,0.2415138104053912,file1000697.h5,1.25
38.316655630227295,0.9305200743294785,0.987603485584259,0.94211222562139,0.002239385219134486,0.24155570271052632,file1000697.h5,1.5
38.316361435425236,0.9305121597790244,0.9876008629798889,0.9420605771624864,0.0022395369221455976,0.2416415088579257,file1000697.h5,2.0
38.31552789458134,0.9304950426335408,0.9875953197479248,0.9419592796191458,0.002239966797432392,0.24182102436339947,file1000697.h5,3.0
31.61038221516045,0.8636126398948428,0.9658830165863037,0.8118027817679564,0.007934047732503948,0.39315357712860877,file1000735.h5,0.0
31.59366897574153,0.8634980418728596,0.9658424258232117,0.8113908853706286,0.007964639675555387,0.39337038786332695,file1000735.h5,0.25
31.576991676041864,0.8633819647563847,0.9658012986183167,0.8109823415562039,0.007995283409759461,0.3935926355616451,file1000735.h5,0.5
31.56035672610141,0.863264481638061,0.9657592177391052,0.8105772124376905,0.008025966780162923,0.39382010517169036,file1000735.h5,0.75
31.5437703941887,0.8631456686029282,0.9657164216041565,0.8101755571250159,0.008056677710930545,0.3940525804837928,file1000735.h5,1.0
31.527238797819447,0.8630256035373577,0.96567302942276,0.8097774318670576,0.0080874042266018,0.39428984455522686,file1000735.h5,1.25
31.510767899052304,0.8629043658242824,0.9656293392181396,0.8093828900660384,0.008118134465927507,0.39453168009158474,file1000735.h5,1.5
31.478031259726894,0.8626587012129927,0.9655396342277527,0.8086047553401695,0.008179559284585077,0.395028196312885,file1000735.h5,2.0
31.413530950390857,0.8621569846688449,0.9653540253639221,0.8070934613046368,0.008301946596887278,0.39606658329734706,file1000735.h5,3.0
32.754835870833354,0.8543795263872092,0.9636725783348083,0.8553665900953454,0.004565272444350069,0.2638351807551495,file1000759.h5,0.0
32.75531664384744,0.8543918235660903,0.9636781811714172,0.8554510472482795,0.004564767087178526,0.2637966417963483,file1000759.h5,0.25
32.75570330830756,0.8544022100368706,0.9636822938919067,0.8555343995426531,0.004564360691356269,0.2637614325771069,file1000759.h5,0.5
32.75599599411293,0.8544106877310478,0.9636852145195007,0.8556166408573407,0.004564053093948192,0.26372955369488016,file1000759.h5,0.75
32.75619486623786,0.8544172595379228,0.9636879563331604,0.8556977653058668,0.004563844101618479,0.26370100444286715,file1000759.h5,1.0
32.756300125863405,0.8544219294148792,0.9636901021003723,0.8557777671430405,0.0045637334894141615,0.26367578285548193,file1000759.h5,1.25
32.756312010898085,0.8544247024576636,0.9636910557746887,0.8558566407010477,0.0045637210001795905,0.2636538857328907,file1000759.h5,1.5
32.75605678893741,0.8544245839980025,0.9636915326118469,0.856010980887312,0.004563989204381037,0.2636200460921645,file1000759.h5,2.0
32.75444010327681,0.854401923556625,0.9636833667755127,0.8563059093730592,0.004565688491323549,0.2635919952358639,file1000759.h5,3.0
36.91619767522407,0.9131260721152049,0.9795349836349487,0.8513537648232256,0.0033547231179055187,0.3175826481997231,file1000831.h5,0.0
36.91550243444196,0.913121073743205,0.9795308709144592,0.8513536699021121,0.003355260202100201,0.31760884884759627,file1000831.h5,0.25
36.91477425362485,0.9131157025361027,0.9795268774032593,0.8513533252055938,0.003355822825172183,0.3176365633765679,file1000831.h5,0.5
36.91401289076546,0.9131099549879845,0.9795225858688354,0.8513527308773322,0.0033564111869727785,0.31766580315876836,file1000831.h5,0.75
36.91321811261972,0.9131038277879883,0.9795181751251221,0.851351887124794,0.0033570254813000446,0.3176965792785582,file1000831.h5,1.0
36.912389693910185,0.9130973177856982,0.9795135855674744,0.8513507942098725,0.0033576658965230126,0.31772890254566416,file1000831.h5,1.25
36.91152741329509,0.9130904218276996,0.9795088768005371,0.851349452411918,0.00335833261870727,0.31776278357020066,file1000831.h5,1.5
36.90970036361706,0.9130754579123226,0.9794991612434387,0.8513460230414367,0.0033597457454268773,0.3178352610283246,file1000831.h5,2.0
36.90562987917394,0.9130407288986612,0.9794773459434509,0.8513361842917435,0.0033628961892557623,0.31799936751204383,file1000831.h5,3.0
35.710176607411555,0.8857033151488221,0.9781891703605652,0.9052250311213376,0.005663877469744228,0.3025332863641082,file1000842.h5,0.0
35.71046994543002,0.8857134811241887,0.9781924486160278,0.9052000538287894,0.0056634949241317935,0.30251317633476094,file1000842.h5,0.25
35.710741266657145,0.8857232415451912,0.9781956076622009,0.9051738686079049,0.005663141113881361,0.3024943570276355,file1000842.h5,0.5
35.71099063249108,0.8857325969319608,0.9781985282897949,0.9051464772806043,0.005662815953552812,0.3024768262036369,file1000842.h5,0.75
35.71121810607843,0.8857415478024867,0.9782016277313232,0.9051178818718599,0.00566251935588032,0.3024605813861968,file1000842.h5,1.0
35.71142375230687,0.8857500946687709,0.9782042503356934,0.9050880846072152,0.00566225123177836,0.30244561986456225,file1000842.h5,1.25
35.7116076378705,0.8857582380589311,0.9782070517539978,0.9050570879096393,0.005662011490252769,0.30243193869772445,file1000842.h5,1.5
35.71191040334118,0.885773316798663,0.9782119393348694,0.9049915068752271,0.005661616780696843,0.3024084045389067,file1000842.h5,2.0
35.71225795587819,0.8857986636565376,0.9782202243804932,0.904846079507619,0.0056611637170211745,0.30237654646847695,file1000842.h5,3.0
33.86298014941232,0.8709855144634564,0.9678012728691101,0.8974330831673047,0.0050505349548932675,0.261934338519322,file1001064.h5,0.0
33.86504849536752,0.8710010751748861,0.9678090810775757,0.8978152091521394,0.0050481301888096125,0.26171292877494395,file1001064.h5,0.25
33.86696115965724,0.8710143752064011,0.9678165316581726,0.8981945555740602,0.005045907445277944,0.26149860989599527,file1001064.h5,0.5
33.86872016100203,0.871025452336846,0.967823326587677,0.8985710702179142,0.005043864140298882,0.2612913390043,file1001064.h5,0.75
33.87032757683685,0.8710343407938153,0.9678293466567993,0.8989447032485597,0.005041997644818083,0.26109106990670944,file1001064.h5,1.0
33.871785490811114,0.8710410657583985,0.9678345918655396,0.899315408040943,0.005040305344904556,0.26089775594269393,file1001064.h5,1.25
33.87309604243662,0.8710456499782899,0.9678390622138977,0.8996831401010903,0.0050387845832855155,0.2607113473581719,file1001064.h5,1.5
33.8752841287262,0.8710485072466714,0.9678463339805603,0.9004095139503029,0.005036246554603116,0.26035901931244604,file1001064.h5,2.0
33.877996431514205,0.8710299381297807,0.9678525328636169,0.9018247956895551,0.00503310224549095,0.25973448447722264,file1001064.h5,3.0
